similarity_bin,mean_correctness_retention,n
<0.70,0.799122,42
0.70-0.75,0.992463,26
0.75-0.80,0.889402,65
0.80-0.85,0.918689,131
0.85-0.90,0.934090,273
0.90-0.95,0.953474,597
0.95-1.00,0.979810,986
