perturbation_type,code_generation,factual_qa,math_reasoning,open_ended_writing
paraphrasing,0.080785,0.161629,0.119284,0.213685
reordering,0.060809,0.115092,0.091041,0.117717
formatting_changes,0.059152,0.048322,0.091695,0.103171
context_injection,0.059843,0.034309,0.093717,0.081517
surface_noise,0.063179,0.033078,0.08784,0.083615
