similarity_bin,mean_correctness_retention,n
<0.70,1.000000,13
0.70-0.75,0.844444,9
0.75-0.80,1.000000,7
0.80-0.85,0.862402,39
0.85-0.90,0.888828,96
0.90-0.95,0.938111,253
0.95-1.00,0.986835,273
