perturbation_type,code_generation,factual_qa,math_reasoning,open_ended_writing
paraphrasing,0.042085,0.131119,0.040872,0.181581
reordering,0.049225,0.063605,0.002416,0.04883
formatting_changes,0.008353,0.005382,0.00582,0.024719
context_injection,0.028956,0.019619,0.014684,0.026938
surface_noise,0.016058,-0.000255,0.00206,0.022959
