similarity_bin,mean_correctness_retention,n
<0.70,0.627478,3
0.70-0.75,0.750000,4
0.75-0.80,0.800000,5
0.80-0.85,0.702672,31
0.85-0.90,0.921377,79
0.90-0.95,0.948386,259
0.95-1.00,0.976260,274
