similarity_bin,mean_correctness_retention,n
<0.70,0.727942,24
0.70-0.75,0.886364,11
0.75-0.80,0.842964,25
0.80-0.85,0.692554,71
0.85-0.90,0.813337,142
0.90-0.95,0.922759,141
0.95-1.00,0.971681,131
