similarity_bin,mean_correctness_retention,n
<0.70,0.419578,42
0.70-0.75,0.735051,18
0.75-0.80,0.817915,24
0.80-0.85,0.662183,69
0.85-0.90,0.787838,139
0.90-0.95,0.916005,134
0.95-1.00,0.971256,119
