similarity_bin,mean_correctness_retention,n
<0.70,0.859239,15
0.70-0.75,0.982185,11
0.75-0.80,1.000000,16
0.80-0.85,0.835669,34
0.85-0.90,0.912978,85
0.90-0.95,0.974905,192
0.95-1.00,0.979262,342
