similarity_bin,mean_correctness_retention,n
<0.70,0.475498,33
0.70-0.75,0.681665,14
0.75-0.80,0.649782,17
0.80-0.85,0.768925,44
0.85-0.90,0.881722,76
0.90-0.95,0.968666,180
0.95-1.00,0.977752,331
